{"cameraMode":{"drawMode":0,"name":"Shaded","section":"Shading Mode"},"sceneLighting":true,"audioPlay":false,"sceneViewState":{"m_AlwaysRefresh":false,"showFog":true,"showSkybox":true,"showFlares":true,"showImageEffects":true,"showParticleSystems":true,"showVisualEffectGraphs":true,"m_FxEnabled":true},"in2DMode":false,"pivot":{"x":0.09316277503967285,"y":2.429471969604492,"z":-5.792810440063477},"rotation":{"x":0.21412338316440583,"y":-0.06703601032495499,"z":0.014729844406247139,"w":0.9744019508361816},"size":6.05719518661499,"orthographic":false}