{"cameraMode":{"drawMode":0,"name":"Shaded","section":"Shading Mode"},"sceneLighting":true,"audioPlay":false,"sceneViewState":{"m_AlwaysRefresh":false,"showFog":true,"showSkybox":true,"showFlares":true,"showImageEffects":true,"showParticleSystems":true,"showVisualEffectGraphs":true,"m_FxEnabled":true},"in2DMode":false,"pivot":{"x":4.638339042663574,"y":-4.7351484298706059,"z":6.766851425170898},"rotation":{"x":0.3077924847602844,"y":-0.07239854335784912,"z":0.023495148867368699,"w":0.9484134912490845},"size":19.147363662719728,"orthographic":false}