{"cameraMode":{"drawMode":0,"name":"Shaded","section":"Shading Mode"},"sceneLighting":true,"audioPlay":false,"sceneViewState":{"m_AlwaysRefresh":false,"showFog":true,"showSkybox":true,"showFlares":true,"showImageEffects":true,"showParticleSystems":true,"showVisualEffectGraphs":true,"m_FxEnabled":true},"in2DMode":false,"pivot":{"x":6.016512870788574,"y":-1.0843257904052735,"z":-4.0133514404296879},"rotation":{"x":-0.06606199592351914,"y":0.9336279630661011,"z":-0.23621734976768495,"w":-0.26110416650772097},"size":16.958812713623048,"orthographic":false}